<?xml version="1.0" encoding="UTF-8" ?>

<!DOCTYPE mapper PUBLIC "-//mybatis.org//DTD Mapper 3.0//EN" "http://mybatis.org/dtd/mybatis-3-mapper.dtd">

<mapper namespace="mapper.mapperUser">
    
	<insert id="insertUser" parameterType="ModelUser">
	    INSERT INTO TB_USER (userid, email, passwd, name, mobile, retireYN, InsertUID, InsertDT, UpdateUID, UpdateDT)
	    VALUES( #{userid}, #{email}, #{passwd}, #{name}, #{mobile} , 0 , #{InsertUID}, #{InsertDT}, #{UpdateUID}, #{UpdateDT})
	</insert>

	<select id="login" parameterType="ModelUser" resultType="ModelUser">
	        select userid, name, email, mobile, retireYN, userno 
	          from TB_USER
	         WHERE  retireYN = 0
	          AND userid = #{userid}
	          AND passwd = #{passwd}
	</select>

	<update id="logout" parameterType="String" >
	</update>

	<update id="updateUserInfo" parameterType="hashmap">
	        UPDATE TB_USER 
	           <set>
                   <if test=" updateValue.email     != null and updateValue.email   !='' "> email=#{updateValue.email},        </if>
    	           <if test=" updateValue.passwd    != null and updateValue.passwd  !='' "> passwd=#{updateValue.passwd},      </if>
    	           <if test=" updateValue.name      != null and updateValue.name    !='' "> name=#{updateValue.name},          </if>
    	           <if test=" updateValue.mobile    != null and updateValue.mobile  !='' "> mobile=#{updateValue.mobile},      </if>
    	           <if test=" updateValue.retireYN  != null                           "> retireYN=#{updateValue.retireYN},  </if>
    	           <if test=" updateValue.UpdateUID != null                           "> UpdateUID=#{updateValue.UpdateUID},</if> 
    	           <if test=" updateValue.UpdateDT  != null                           "> UpdateDT=#{updateValue.UpdateDT},  </if>
               </set>
	        WHERE 1 = 1
	        <if test="searchValue.userno != null ">
	            AND userno = #{searchValue.userno}
	        </if>
            <if test="searchValue.userid != null">
                AND userid = #{searchValue.userid}
            </if>

	</update>

	<update id="updatePasswd" parameterType="hashmap" >
	        UPDATE TB_USER 
	           SET passwd = #{newPasswd}            
	         WHERE passwd = #{currentPasswd} AND userid = #{userid}
	</update>

	<update id="deleteUser" parameterType="ModelUser" >
	        UPDATE TB_USER 
	           SET retireYN=1            
	        WHERE 1 = 1
	        <if test="userid != null">
	            AND userid = #{userid}
	        </if>
	</update>


    	<!-- 회원 정보 수정  -->
	<select id="selectUserOne" parameterType="ModelUser" resultType="ModelUser">
	         SELECT *
	         FROM TB_USER 
	         WHERE userno = #{userno}
	</select>

	<select id="selectUserList" parameterType="ModelUser" resultType="ModelUser">
	        SELECT *
	        FROM TB_USER
	        where 1=1
	            <if test= "userid != null and userid !=''">
	                AND (userid LIKE CONCAT('%',#{userid},'%'))
	            </if>
	            <if test= "name != null and name !=''">
	                AND (name LIKE CONCAT('%',#{name},'%'))
	            </if>
	            <if test= "email != null and email !=''">
	                AND (email LIKE CONCAT('%',#{email},'%'))
	            </if>
	            <if test= "mobile != null and mobile !=''">
	                AND (mobile LIKE CONCAT('%',#{mobile},'%'))
	            </if>
	            <if test= "retireYN != null">
	                AND (retireYN LIKE CONCAT('%',#{retireYN},'%'))
	            </if>
            
	        ORDER BY userno
	</select>
    

    <select id="checkuserid" parameterType="string" resultType="int">
            SELECT count(userid)
            FROM TB_USER
            where userid = #{userid}
    </select>

</mapper>
